,,,,
HDBI Tools,HDMX Tools,PTC - PPV Tools,SST - PPV Tools,HST - PPV Tools
HDBI 5082,1439,CR4678,SST0001,CR4326
HDBI 4786,1455,CR4681,SST0002,CR4326
BDC 5257,1701,CR4682,SST0003,CR4467
BDC 4944,1785,CR 4683,SST0005,CR4938
,1823,CR4686,SST0008,CR4739
,1844,CR4954,SST0003,CR4711
,1848,CR4956,SST0008,CR4906
,1852,CR5155,SST0009,CR5351
,1866,CR5158,SST0001,CR5209
,1878,CR5256,SST0002,
,2117,CR4677,SST0005,
,2169,CR4685,SST0003,
,2207,CR4955,SST0008,
,2930,CR7157,SST0009,
,2989,CR7158,SST0004,
,3415,CR4953,SST0010,
,3707,,,
,5275,,,
